{
    "modelo": "Bosques Aleatorios",
    "precision": 0.9401055579840368,
    "recall": 0.9896210578340562,
    "f1_score": 0.9642280405335282,
    "auc": 0.994379972002507,
    "exactitud": 0.9633284818153188
}