{
    "modelo": "K-Nearest Neighbors",
    "precision": 0.9528941219514223,
    "recall": 0.976506778693344,
    "f1_score": 0.9645559605073776,
    "auc": 0.987635732488914,
    "exactitud": 0.9641583467388436
}